context_ms,isr_body_ms,total_time_ms
5,40,5912
5,60,7112
5,80,8312
5,100,9512
5,120,10712
5,140,11912
5,160,13112
5,180,14312
5,200,15512
5,220,16712
5,240,17912
5,260,19112
10,40,6212
10,60,7412
10,80,8612
10,100,9812
10,120,11012
10,140,12212
10,160,13412
10,180,14612
10,200,15812
10,220,17012
10,240,18212
10,260,19412
15,40,6512
15,60,7712
15,80,8912
15,100,10112
15,120,11312
15,140,12512
15,160,13712
15,180,14912
15,200,16112
15,220,17312
15,240,18512
15,260,19712
20,40,6812
20,60,8012
20,80,9212
20,100,10412
20,120,11612
20,140,12812
20,160,14012
20,180,15212
20,200,16412
20,220,17612
20,240,18812
20,260,20012
30,40,7412
30,60,8612
30,80,9812
30,100,11012
30,120,12212
30,140,13412
30,160,14612
30,180,15812
30,200,17012
30,220,18212
30,240,19412
30,260,20612
